{"regist_target_img_scalef": 0.2781512, "tissue_hires_scalef": 0.092717074, "tissue_lowres_scalef": 0.027815122, "fiducial_diameter_fullres": 191.75371240966362, "spot_diameter_fullres": 127.8358082731091}